{
    "mean_residual": -0.07447597270676601,
    "std_residual": 1.1002779384021348,
    "threshold_sigma": 3.0
}