{
  "captured_at": "2026-06-16T05:03:30.171267+00:00",
  "duration_seconds": 10,
  "metrics": {
    "rate(http_requests_total[1m])": {
      "mean": 102.57433774447014,
      "p99": 102.57433774447014,
      "samples": 1
    },
    "histogram_quantile(0.99, rate(http_request_duration_seconds_bucket[1m]))": {
      "mean": 0.10860748118973015,
      "p99": 0.10860748118973015,
      "samples": 1
    },
    "rate(http_requests_total{status=~'5..'}[1m])": {
      "mean": 0.012098702479900027,
      "p99": 0.012098702479900027,
      "samples": 1
    },
    "container_memory_usage_bytes": {
      "mean": 1073749080.6318192,
      "p99": 1073749080.6318192,
      "samples": 1
    },
    "rate(container_cpu_usage_seconds_total[1m])": {
      "mean": 0.14964042888106552,
      "p99": 0.14964042888106552,
      "samples": 1
    }
  }
}